{
  "min":{
    "sealing_kWh_GiB":0.0064516254,
    "storage_kW_GiB":0.0000009688,
    "pue":1.18
  },
  "estimate":{
    "sealing_kWh_GiB":0.0366833157,
    "storage_kW_GiB":0.0000032212,
    "pue":1.57
  },
  "max":{
    "sealing_kWh_GiB":0.0601295421,
    "storage_kW_GiB":0.0000086973,
    "pue":1.93
  }
}
